segundo_video,evento,marca_id,salidas_total
1.6,SALIDA,1,1
1.867,SALIDA,1,2
2.133,SALIDA,1,3
3.2,SALIDA,1,4
3.467,SALIDA,1,5
4.0,SALIDA,1,6
4.267,SALIDA,1,7
4.533,SALIDA,1,8
5.067,SALIDA,1,9
5.333,SALIDA,1,10
5.6,SALIDA,1,11
6.4,SALIDA,1,12
6.666,SALIDA,1,13
6.933,SALIDA,1,14
7.466,SALIDA,1,15
7.733,SALIDA,1,16
8.0,SALIDA,1,17
8.8,SALIDA,1,18
9.066,SALIDA,1,19
9.333,SALIDA,1,20
10.133,SALIDA,1,21
10.4,SALIDA,1,22
11.2,SALIDA,1,23
11.466,SALIDA,1,24
11.733,SALIDA,1,25
19.999,SALIDA,2,26
23.199,SALIDA,2,27
23.466,SALIDA,2,28
23.733,SALIDA,2,29
